{
	"info": {
		"_postman_id": "fc5758c0-e367-4f36-b79e-a3463f1bb08d",
		"name": "My Collection",
		"description": "### Welcome to Postman! This is your first collection. \n\nCollections are your starting point for building and testing APIs. You can use this one to:\n\n• Group related requests\n• Test your API in real-world scenarios\n• Document and share your requests\n\nUpdate the name and overview whenever you’re ready to make it yours.\n\n[Learn more about Postman Collections.](https://learning.postman.com/docs/collections/collections-overview/)",
		"schema": "https://schema.getpostman.com/json/collection/v2.1.0/collection.json",
		"_exporter_id": "48887089",
		"_collection_link": "https://lively-space-4201579.postman.co/workspace/om's-Workspace~43fefa9c-0750-4a0e-843b-291c2623e955/collection/48887089-fc5758c0-e367-4f36-b79e-a3463f1bb08d?action=share&source=collection_link&creator=48887089"
	},
	"item": [
		{
			"name": "http://localhost:3000/api/v1/emp/employees?eid=68e9d9747e85dfdfb8eda5d8",
			"request": {
				"method": "POST",
				"header": [],
				"body": {
					"mode": "raw",
					"raw": "{ \"username\":\"john\", \"email\":\"john@example.com\", \"password\":\"123456\" }\r\n",
					"options": {
						"raw": {
							"language": "json"
						}
					}
				},
				"url": {
					"raw": "http://localhost:3000/api/v1/user/signup",
					"protocol": "http",
					"host": [
						"localhost"
					],
					"port": "3000",
					"path": [
						"api",
						"v1",
						"user",
						"signup"
					]
				}
			},
			"response": []
		},
		{
			"name": "http://localhost:3000/api/v1/user/login",
			"request": {
				"method": "POST",
				"header": [],
				"body": {
					"mode": "raw",
					"raw": "{ \"email\":\"john@example.com\", \"password\":\"123456\" }\r\n",
					"options": {
						"raw": {
							"language": "json"
						}
					}
				},
				"url": {
					"raw": "http://localhost:3000/api/v1/user/login",
					"protocol": "http",
					"host": [
						"localhost"
					],
					"port": "3000",
					"path": [
						"api",
						"v1",
						"user",
						"login"
					]
				}
			},
			"response": []
		},
		{
			"name": "http://localhost:3000/api/v1/emp/employees",
			"request": {
				"method": "POST",
				"header": [],
				"body": {
					"mode": "raw",
					"raw": "{\r\n  \"first_name\":\"Alice\",\"last_name\":\"Johnson\",\"email\":\"alice@example.com\",\r\n  \"position\":\"Designer\",\"salary\":85000,\"date_of_joining\":\"2023-08-10\",\"department\":\"Design\"\r\n}\r\n",
					"options": {
						"raw": {
							"language": "json"
						}
					}
				},
				"url": {
					"raw": "http://localhost:3000/api/v1/emp/employees",
					"protocol": "http",
					"host": [
						"localhost"
					],
					"port": "3000",
					"path": [
						"api",
						"v1",
						"emp",
						"employees"
					]
				}
			},
			"response": []
		},
		{
			"name": "http://localhost:3000/api/v1/emp/employees",
			"request": {
				"method": "GET",
				"header": [],
				"url": {
					"raw": "http://localhost:3000/api/v1/emp/employees",
					"protocol": "http",
					"host": [
						"localhost"
					],
					"port": "3000",
					"path": [
						"api",
						"v1",
						"emp",
						"employees"
					]
				}
			},
			"response": []
		},
		{
			"name": "http://localhost:3000/api/v1/emp/employees/68e9da927e85dfdfb8eda5e0",
			"request": {
				"method": "GET",
				"header": [],
				"url": {
					"raw": "http://localhost:3000/api/v1/emp/employees/68e9da927e85dfdfb8eda5e0",
					"protocol": "http",
					"host": [
						"localhost"
					],
					"port": "3000",
					"path": [
						"api",
						"v1",
						"emp",
						"employees",
						"68e9da927e85dfdfb8eda5e0"
					]
				}
			},
			"response": []
		},
		{
			"name": "http://localhost:3000/api/v1/emp/employees/68e9da927e85dfdfb8eda5e0",
			"request": {
				"method": "PUT",
				"header": [],
				"url": {
					"raw": "http://localhost:3000/api/v1/emp/employees/68e9da927e85dfdfb8eda5e0",
					"protocol": "http",
					"host": [
						"localhost"
					],
					"port": "3000",
					"path": [
						"api",
						"v1",
						"emp",
						"employees",
						"68e9da927e85dfdfb8eda5e0"
					]
				}
			},
			"response": []
		},
		{
			"name": "http://localhost:3000/api/v1/emp/employees?eid=68e9da927e85dfdfb8eda5e0",
			"request": {
				"method": "DELETE",
				"header": [],
				"url": {
					"raw": "http://localhost:3000/api/v1/emp/employees?eid=68e9da927e85dfdfb8eda5e0",
					"protocol": "http",
					"host": [
						"localhost"
					],
					"port": "3000",
					"path": [
						"api",
						"v1",
						"emp",
						"employees"
					],
					"query": [
						{
							"key": "eid",
							"value": "68e9da927e85dfdfb8eda5e0"
						}
					]
				}
			},
			"response": []
		}
	]
}